image,score
image008,0.00382728272
image009,0.0051435768261965
image010,0.0121818181818182
image011,0.1676829268292683
image012,0.1291390728476821
image013,0.0250180505415162
image014,0.023199251637044
image015,0.1458625525946704
image016,0.1556802244039271
image017,0.0939691444600281
image018,0.1775338928340865